<?xml version="1.0" encoding="UTF-8"?>
<!DOCTYPE hibernate-configuration PUBLIC
		"-//Hibernate/Hibernate Configuration DTD 3.0//EN"
		"http://hibernate.sourceforge.net/hibernate-configuration-3.0.dtd">
<hibernate-configuration>
    <session-factory>
    	<property name="hibernate.connection.driver_class">com.mysql.jdbc.Driver</property>
        <property name="hibernate.connection.password"></property>
        <property name="hibernate.connection.url">jdbc:mysql://localhost:3306/movie_booking</property>
        <property name="hibernate.connection.username">root</property>
        <property name="hbm2ddl.auto">update</property>
        <property name="hibernate.dialect">org.hibernate.dialect.MySQLDialect</property>
        <property name="hibernate.show_sql">true</property>
        <mapping class="com.me.moviebooking.model.Person"></mapping>
        <mapping class="com.me.moviebooking.model.Customer"></mapping>
        <mapping class="com.me.moviebooking.model.Movie"></mapping>
        <mapping class="com.me.moviebooking.model.MovieComment"></mapping>
        <mapping class="com.me.moviebooking.model.Cinema"></mapping>
        <mapping class="com.me.moviebooking.model.Screen"></mapping>
        <mapping class="com.me.moviebooking.model.Showtime"></mapping>
        <mapping resource="com/me/moviebooking/model/Person.hbm.xml"/>
        <mapping resource="com/me/moviebooking/model/Cinema.hbm.xml"/>
        <mapping resource="com/me/moviebooking/model/Movie.hbm.xml"/>
        <mapping resource="com/me/moviebooking/model/MovieComment.hbm.xml"/>
        <mapping resource="com/me/moviebooking/model/ScreenComment.hbm.xml"/>
        <mapping resource="com/me/moviebooking/model/Screen.hbm.xml"/>
        <mapping resource="com/me/moviebooking/model/Showtime.hbm.xml"/>
        <mapping resource="com/me/moviebooking/model/BookingHistory.hbm.xml"/>
    </session-factory>
</hibernate-configuration>
