<?xml version="1.0" encoding="UTF-8"?>
<beans:beans xmlns="http://www.springframework.org/schema/mvc"
	xmlns:xsi="http://www.w3.org/2001/XMLSchema-instance"
	xmlns:beans="http://www.springframework.org/schema/beans"
	xmlns:context="http://www.springframework.org/schema/context"
	xsi:schemaLocation="http://www.springframework.org/schema/mvc http://www.springframework.org/schema/mvc/spring-mvc.xsd
		http://www.springframework.org/schema/beans http://www.springframework.org/schema/beans/spring-beans.xsd
		http://www.springframework.org/schema/context http://www.springframework.org/schema/context/spring-context.xsd">
	<context:component-scan base-package="com.me.moviebooking.velocity" />
	<!-- DispatcherServlet Context: defines this servlet's request-processing infrastructure -->
	
	<!-- Enables the Spring MVC @Controller programming model -->
	<annotation-driven />

	<!-- Handles HTTP GET requests for /resources/** by efficiently serving up static resources in the ${webappRoot}/resources directory -->
	<resources mapping="/resources/**" location="/resources/" />

	<!-- Resolves views selected for rendering by @Controllers to .jsp resources in the /WEB-INF/views directory -->
		<!-- <beans:bean id="velocityConfig"
        class="org.springframework.web.servlet.view.velocity.VelocityConfigurer">
        <beans:property name="resourceLoaderPath" value="/WEB-INF/views/" />
    </beans:bean>

    <beans:bean id="viewResolver"
        class="org.springframework.web.servlet.view.velocity.VelocityLayoutViewResolver">
        <beans:property name="cache" value="true" />
        <beans:property name="prefix" value="" />
        <beans:property name="layoutUrl" value="layout.vm"/>
        <beans:property name="suffix" value=".vm" />
    </beans:bean>
	
	<beans:bean class="org.springframework.web.servlet.view.InternalResourceViewResolver">
		<beans:property name="prefix" value="/WEB-INF/views/" />
		<beans:property name="suffix" value=".jsp" />
	</beans:bean> -->
	
	 <beans:bean id="viewResolver1" class="org.springframework.web.servlet.view.InternalResourceViewResolver">
      <beans:property name="viewClass" value="org.springframework.web.servlet.view.JstlView"/>
      <beans:property name="prefix" value="/WEB-INF/views/"/>
      <beans:property name="suffix" value=".jsp"/>
      <beans:property name="order" value="3" />
    </beans:bean>

<beans:bean id="velocityConfig" class="org.springframework.web.servlet.view.velocity.VelocityConfigurer">
  <beans:property name="resourceLoaderPath" value="/WEB-INF/velocity/"/>
</beans:bean>

<beans:bean id="viewResolver2" class="org.springframework.web.servlet.view.velocity.VelocityViewResolver">
  <beans:property name="cache" value="true"/>
  <beans:property name="prefix" value=""/>
  <beans:property name="suffix" value=".vm"/>
  <beans:property name="order" value="1" />
</beans:bean>

<!-- freemarker config -->
    <beans:bean id="freemarkerConfig" class="org.springframework.web.servlet.view.freemarker.FreeMarkerConfigurer">
      <beans:property name="templateLoaderPath" value="/WEB-INF/ftl/">
    </beans:property></beans:bean>
     
    <!-- 
      View resolvers can also be configured with ResourceBundles or XML files. If you need
      different view resolving based on Locale, you have to use the resource bundle resolver.
    -->
    <beans:bean id="viewResolver" class="org.springframework.web.servlet.view.freemarker.FreeMarkerViewResolver">
      <beans:property name="cache" value="true" />
      <beans:property name="prefix" value="/" />
      <beans:property name="suffix" value=".ftl" />
      <beans:property name="order" value="2" />
    </beans:bean>
	
	<context:component-scan base-package="com.me.moviebooking" />
		
</beans:beans>
