<?xml version="1.0" encoding="UTF-8"?>
<!DOCTYPE hibernate-mapping PUBLIC "-//Hibernate/Hibernate Mapping DTD 3.0//EN"
"http://hibernate.sourceforge.net/hibernate-mapping-3.0.dtd">
<hibernate-mapping>
    <class name="com.me.moviebooking.model.Cinema" table="CINEMA">
       <id name="cinemaId" type="java.lang.Integer">
            <column name="cinema_id" />
            <generator class="increment" />
        </id>
        <property name="name" type="java.lang.String">
            <column name="name" />
        </property>
        <property name="address" type="java.lang.String">
            <column name="address" />
        </property>
        <property name="phone" type="java.lang.String">
            <column name="phone" />
        </property>
        <property name="email" type="java.lang.String">
            <column name="email" />
        </property>
    </class>
</hibernate-mapping>