<?xml version="1.0" encoding="UTF-8"?>
<!DOCTYPE hibernate-mapping PUBLIC "-//Hibernate/Hibernate Mapping DTD 3.0//EN"
"http://hibernate.sourceforge.net/hibernate-mapping-3.0.dtd">
<hibernate-mapping>
    <class name="com.me.moviebooking.model.Movie" table="movie">
        <id name="movieId" type="java.lang.Integer">
            <column name="movie_id" />
            <generator class="increment"/>
        </id>
        <property name="name" type="java.lang.String">
            <column name="name"/>
        </property>
        <property name="cast" type="java.lang.String">
            <column name="cast"/>
        </property>
    </class>
</hibernate-mapping>