<?xml version="1.0" encoding="UTF-8"?>
<!DOCTYPE hibernate-mapping PUBLIC "-//Hibernate/Hibernate Mapping DTD 3.0//EN"
"http://hibernate.sourceforge.net/hibernate-mapping-3.0.dtd">
<hibernate-mapping>
    <class name="com.me.moviebooking.model.Person" table="PERSON">
       <id name="personId" type="java.lang.Integer">
            <column name="person_id" />
            <generator class="increment"/>
        </id>
        <property name="firstName" type="java.lang.String">
            <column name="first_name" />
        </property>
        <property name="lastName" type="java.lang.String">
            <column name="last_name" />
        </property>
        <property name="email" type="java.lang.String">
            <column name="email" />
        </property>
        <property name="dob" type="java.util.Date">
            <column name="dob" />
        </property>
        <property name="phone" type="java.lang.String">
            <column name="phone" />
        </property>
        <joined-subclass name="com.me.moviebooking.model.Customer" table="customer">  
  		<key column="person_id"></key>  
 		 <property name="userName" type="java.lang.String">
            <column name="user_name" />
        </property>
  		<property name="password" type="java.lang.String">
            <column name="password" />
        </property>
  		</joined-subclass> 
    </class>
</hibernate-mapping>