<?xml version="1.0" encoding="UTF-8"?>
<!DOCTYPE hibernate-mapping PUBLIC "-//Hibernate/Hibernate Mapping DTD 3.0//EN"
"http://hibernate.sourceforge.net/hibernate-mapping-3.0.dtd">
<hibernate-mapping>
    <class name="com.me.moviebooking.model.Screen" table="Screen">
       <id name="screenId" type="java.lang.Integer">
            <column name="screen_id" />
            <generator class="increment" />
        </id>
        <property name="name" type="java.lang.String">
            <column name="name" />
        </property>
        <many-to-one name="movie" class="com.me.moviebooking.model.Movie" fetch="select">
            <column name="movie_id" not-null="true"/>
        </many-to-one>
        <many-to-one name="cinema" class="com.me.moviebooking.model.Cinema" fetch="select">
            <column name="cinema_id" not-null="true"/>
        </many-to-one>
        <property name="seatsAvailable" type="java.lang.Integer">
            <column name="seats_available" />
        </property>
        <property name="seatsBooked" type="java.lang.Integer">
            <column name="seats_booked" />
        </property>
    </class>
</hibernate-mapping>